Workbook
Name A2A10001: 'Simulation (2)'!$A$2:$A$8
Name A2A10001: Simulation!$A$2:$A$8

Sheet INPUTS
A1: PARAMETER | B1: VALUE
A2: WIN PAYOFF | B2: 500
A3: LOSS PAYOFF | B3: -520
A5: RED SOX WIN PROB(BOSTON) | B5: 0.6
A6: RED SOX WIN PRO(NEW YORK) | B6: =1-0.57 -> 0.43
A7: YANKEES WIN PROB(NEW YORK) | B7: 0.57
A9: GAMES PLAYED | B9: PRBABILITY | C9: NET WINNINGS | D9: PROBABILITIES
A10: WIN WIN | B10: =B5*B6 -> 0.258 | C10: =2*$B$2 -> 1000 | D10: =SUMIF(C10:C15,1000,B10:B15) -> 0.258
A11: WIN LOSS WIN | B11: =B5*(1-B6)*B5 -> 0.2052 | C11: =$B$2+$B$3+$B$2 -> 480 | D11: =SUMIF(C10:C15,480,B10:B15) -> 0.3084
A12: LOSS WIN WIN | B12: =(1-B5)*B6*B5 -> 0.1032 | C12: =$B$3+$B$2+$B$2 -> 480 | D12: =SUMIF(C10:C15,480,B10:B15) -> 0.3084
A13: LOSS LOSS | B13: =(1-B5)*(1-B6) -> 0.228 | C13: =2*$B$3 -> -1040 | D13: =SUMIF(C10:C15,-1040,B10:B15) -> 0.228
A14: LOSS WIN LOSS+ WIN LOSS LOSS | B14: =(1-B5)*B6*(1-B5) -> 0.0688 | C14: =$B$3+$B$2+$B$3 -> -540 | D14: =SUMIF(C10:C15,-540,B10:B15) -> 0.2056
A15: WIN LOSS LOSS | B15: =B5*(1-B6)*(1-B5) -> 0.1368 | C15: =$B$2+$B$3+$B$3 -> -540 | D15: =SUMIF(C11:C16,-540,B11:B16) -> 0.2056
B16: =SUM(B10:B15) -> 1
A17: SAME NET WINNINGS | B17: PROBABILITIES | C17: SAME NET WINNINGS
A18: 1000 | B18: =SUMIF($C$10:$C$15,1000,$B$10:$B$15) -> 0.258 | C18: WIN WIN
A19: 480 | B19: =SUMIF($C$10:$C$15,480,$B$10:$B$15) -> 0.3084 | C19: WIN LOSS WIN + LOSS WIN WIN
A20: -540 | B20: =SUMIF($C$10:$C$15,-540,$B$10:$B$15) -> 0.2056 | C20: LOSS WIN LOSS+ WIN LOSS LOSS
A21: -1040 | B21: =SUMIF($C$10:$C$15,-1040,$B$10:$B$15) -> 0.228 | C21: LOSS LOSS
B22: =SUM((B18:B21)) -> 1
A24: EXPECTED VALUE | B24: =SUMPRODUCT(A18:A21,B18:B21) -> 57.888
A25: VARIANCE | B25: {=SUMPRODUCT((A18:A21 - $B$24)^2, B18:B21)} -> 632262.1
A26: STANDARD DEVIATION | B26: =SQRT(B25) -> 795.14911

Sheet CDF
A1: NET | B1: PROBABILITY | C1: CDF PROBABILITY
A2: =INPUTS!A21 -> -1040 | B2: =INPUTS!B21 -> 0.228 | C2: =B2 -> 0.228
A3: =INPUTS!A20 -> -540 | B3: =INPUTS!B20 -> 0.2056 | C3: =C2+B3 -> 0.4336
A4: =INPUTS!A19 -> 480 | B4: =INPUTS!B19 -> 0.3084 | C4: =C3+B4 -> 0.742
A5: =INPUTS!A18 -> 1000 | B5: =INPUTS!B18 -> 0.258 | C5: =C4+B5 -> 1

Sheet Simulation
A1: TRIAL NUMBER | B1: RANDOM VALUE | C1: NET | D1: RUNNING AVERAGE
A2: {=_xlfn.SEQUENCE(10000,1,1,1)} -> 1 | B2: {=_xlfn.RANDARRAY(10000,1)} -> 0.81768854 | C2: {=_xlfn.XLOOKUP(B2:B10001, CDF!C2:C5, CDF!A2:A5, , 1)} -> 1000 | D2: {=_xlfn.SCAN(0, C2:C10001, _xlfn.LAMBDA(_xlpm.a,_xlpm.b, _xlpm.a + _xlpm.b)) / _xlfn.SEQUENCE(10000,1,1,1)} -> 1000
A3: 2 | B3: 0.78440158 | C3: 1000 | D3: 1000
A4: 3 | B4: 0.13222329 | C4: -1040 | D4: 320
A5: 4 | B5: 0.37144918 | C5: -540 | D5: 105
A6: 5 | B6: 0.26844682 | C6: -540 | D6: -24
A7: 6 | B7: 0.40982306 | C7: -540 | D7: -110
A8: 7 | B8: 0.70689852 | C8: 480 | D8: -25.714286
A9: 8 | B9: 0.077736776 | C9: -1040 | D9: -152.5
A10: 9 | B10: 0.32358765 | C10: -540 | D10: -195.55556
A11: 10 | B11: 0.55510125 | C11: 480 | D11: -128
A12: 11 | B12: 0.82090385 | C12: 1000 | D12: -25.454545
A13: 12 | B13: 0.2748864 | C13: -540 | D13: -68.333333
A14: 13 | B14: 0.35060739 | C14: -540 | D14: -104.61538
... A10001: 10000 | B10001: 0.033090934 | C10001: -1040 | D10001: 49.856
B10003: SAMPLE MEAN | C10003: =AVERAGE(C2:C10001) -> 49.856
B10004: SAMPLE VARIANCE | C10004: =_xlfn.VAR.S(C2:C10001) -> 631613.46
B10005: SAMPLE STANDARD DEVIATION | C10005: =_xlfn.STDEV.S(C2:C10001) -> 794.74113
A10007: NET | B10007: THEORETICAL PROB | C10007: EXPECTED COUNT | D10007: SIMULATED COUNT | E10007: SIMULATED PROB
A10008: -1040 | B10008: =CDF!B2 -> 0.228 | C10008: {=B10008:B10011 * 10000} -> 2280 | D10008: =COUNTIF($C$2:$C$10001, A10008) -> 2294 | E10008: =D10008/10000 -> 0.2294
A10009: -540 | B10009: =CDF!B3 -> 0.2056 | C10009: 2056 | D10009: =COUNTIF($C$2:$C$10001, A10009) -> 2094 | E10009: =D10009/10000 -> 0.2094
A10010: 480 | B10010: =CDF!B4 -> 0.3084 | C10010: 3084 | D10010: =COUNTIF($C$2:$C$10001, A10010) -> 3071 | E10010: =D10010/10000 -> 0.3071
A10011: 1000 | B10011: =CDF!B5 -> 0.258 | C10011: 2580 | D10011: =COUNTIF($C$2:$C$10001, A10011) -> 2541 | E10011: =D10011/10000 -> 0.2541
D10013: CHI SQUARE | E10013: =(D10008 - C10008)^2 / C10008 -> 0.085964912
D10014: P VALUE | E10014: =CHIDIST(E10013,3) -> 0.99346677
A10015: LOWER BOUND | B10015: =60.014 - 1.96*(794.229/SQRT(10000)) -> 44.447112
A10016: UPPER BOUND | B10016: =60.014 + 1.96*(794.229/SQRT(10000)) -> 75.580888

Sheet Simulation (2)
A1: TRIAL NUMBER | B1: RANDOM VALUE | C1: NET | D1: RUNNING AVERAGE
A2: {=_xlfn.SEQUENCE(10000,1,1,1)} -> 1 | B2: {=_xlfn.RANDARRAY(10000,1)} -> 0.86357365 | C2: =_xlfn.XLOOKUP(B2,'Alternate schedule'!$D$5:$D$10,'Alternate schedule'!$C$5:$C$10,,1) -> -540 | D2: {=_xlfn.SCAN(0, C2:C10001, _xlfn.LAMBDA(_xlpm.a,_xlpm.b, _xlpm.a + _xlpm.b)) / _xlfn.SEQUENCE(10000,1,1,1)} -> -540
A3: 2 | B3: 0.81492044 | C3: =_xlfn.XLOOKUP(B3,'Alternate schedule'!$D$5:$D$10,'Alternate schedule'!$C$5:$C$10,,1) -> -540 | D3: -540
A4: 3 | B4: 0.64986864 | C4: =_xlfn.XLOOKUP(B4,'Alternate schedule'!$D$5:$D$10,'Alternate schedule'!$C$5:$C$10,,1) -> -1040 | D4: -706.66667
A5: 4 | B5: 0.30254137 | C5: =_xlfn.XLOOKUP(B5,'Alternate schedule'!$D$5:$D$10,'Alternate schedule'!$C$5:$C$10,,1) -> 480 | D5: -410
A6: 5 | B6: 0.97496191 | C6: =_xlfn.XLOOKUP(B6,'Alternate schedule'!$D$5:$D$10,'Alternate schedule'!$C$5:$C$10,,1) -> -540 | D6: -436
A7: 6 | B7: 0.20866557 | C7: =_xlfn.XLOOKUP(B7,'Alternate schedule'!$D$5:$D$10,'Alternate schedule'!$C$5:$C$10,,1) -> 1000 | D7: -196.66667
A8: 7 | B8: 0.521522 | C8: =_xlfn.XLOOKUP(B8,'Alternate schedule'!$D$5:$D$10,'Alternate schedule'!$C$5:$C$10,,1) -> -1040 | D8: -317.14286
A9: 8 | B9: 0.27099643 | C9: =_xlfn.XLOOKUP(B9,'Alternate schedule'!$D$5:$D$10,'Alternate schedule'!$C$5:$C$10,,1) -> 480 | D9: -217.5
A10: 9 | B10: 0.67436765 | C10: =_xlfn.XLOOKUP(B10,'Alternate schedule'!$D$5:$D$10,'Alternate schedule'!$C$5:$C$10,,1) -> -1040 | D10: -308.88889
A11: 10 | B11: 0.1946193 | C11: =_xlfn.XLOOKUP(B11,'Alternate schedule'!$D$5:$D$10,'Alternate schedule'!$C$5:$C$10,,1) -> 1000 | D11: -178
A12: 11 | B12: 0.49847759 | C12: =_xlfn.XLOOKUP(B12,'Alternate schedule'!$D$5:$D$10,'Alternate schedule'!$C$5:$C$10,,1) -> -1040 | D12: -256.36364
A13: 12 | B13: 0.0032680395 | C13: =_xlfn.XLOOKUP(B13,'Alternate schedule'!$D$5:$D$10,'Alternate schedule'!$C$5:$C$10,,1) -> 1000 | D13: -151.66667
A14: 13 | B14: 0.73790429 | C14: =_xlfn.XLOOKUP(B14,'Alternate schedule'!$D$5:$D$10,'Alternate schedule'!$C$5:$C$10,,1) -> -540 | D14: -181.53846
... A10001: 10000 | B10001: 0.23522624 | C10001: =_xlfn.XLOOKUP(B10001,'Alternate schedule'!$D$5:$D$10,'Alternate schedule'!$C$5:$C$10,,1) -> 1000 | D10001: -25.202
B10003: SAMPLE MEAN | C10003: =AVERAGE(C2:C10001) -> -25.202
B10004: SAMPLE VARIANCE | C10004: =_xlfn.VAR.S(C2:C10001) -> 639191.3
B10005: SAMPLE STANDARD DEVIATION | C10005: =_xlfn.STDEV.S(C2:C10001) -> 799.4944
A10007: NET | B10007: THEORETICAL PROB | C10007: EXPECTED COUNT | D10007: SIMULATED COUNT | E10007: SIMULATED PROB
A10008: -1040 | B10008: =CDF!B2 -> 0.228 | C10008: {=B10008:B10011 * 10000} -> 2280 | D10008: =COUNTIF($C$2:$C$10001, A10008) -> 2269 | E10008: =D10008/10000 -> 0.2269
A10009: -540 | B10009: =CDF!B3 -> 0.2056 | C10009: 2056 | D10009: =COUNTIF($C$2:$C$10001, A10009) -> 2887 | E10009: =D10009/10000 -> 0.2887
A10010: 480 | B10010: =CDF!B4 -> 0.3084 | C10010: 3084 | D10010: =COUNTIF($C$2:$C$10001, A10010) -> 2264 | E10010: =D10010/10000 -> 0.2264
A10011: 1000 | B10011: =CDF!B5 -> 0.258 | C10011: 2580 | D10011: =COUNTIF($C$2:$C$10001, A10011) -> 2580 | E10011: =D10011/10000 -> 0.258
D10013: CHI SQUARE | E10013: =(D10008 - C10008)^2 / C10008 -> 0.053070175
D10014: P VALUE | E10014: =CHIDIST(E10013,3) -> 0.9967997
A10015: LOWER BOUND | B10015: =60.014 - 1.96*(794.229/SQRT(10000)) -> 44.447112
A10016: UPPER BOUND | B10016: =60.014 + 1.96*(794.229/SQRT(10000)) -> 75.580888

Sheet Eploration
A1: Red Sox home win probabolity | B1: 0.6
A2: Yankees home win probability | B2: 0.57
A4: Expected value | B4: =(B1*(1-B2)*1000) +((B1*B2*B1+(1-B1)*(1-B2)*B1)*480) +((B1*B2*(1-B1)+(1-B1)*(1-B2)*(1-B1))*(-540)) +((1-B1)*B2*(-1040)) -> 57.888
B6: =B4 -> 57.888 | C6: 0.45 | D6: 0.5 | E6: 0.55 | F6: 0.6 | G6: 0.65
B7: 0.5 | C7: =($B7*(1-C$6)*1000) +((($B7*C$6*$B7)+(1-$B7)*(1-C$6)*$B7)*480) +((($B7*C$6*(1-$B7))+(1-$B7)*(1-C$6)*(1-$B7))*(-540)) +(((1-$B7)*C$6)*(-1040)) -> 26 | D7: =($B7*(1-D$6)*1000) +((($B7*D$6*$B7)+(1-$B7)*(1-D$6)*$B7)*480) +((($B7*D$6*(1-$B7))+(1-$B7)*(1-D$6)*(1-$B7))*(-540)) +(((1-$B7)*D$6)*(-1040)) -> -25 | E7: =($B7*(1-E$6)*1000) +((($B7*E$6*$B7)+(1-$B7)*(1-E$6)*$B7)*480) +((($B7*E$6*(1-$B7))+(1-$B7)*(1-E$6)*(1-$B7))*(-540)) +(((1-$B7)*E$6)*(-1040)) -> -76 | F7: =($B7*(1-F$6)*1000) +((($B7*F$6*$B7)+(1-$B7)*(1-F$6)*$B7)*480) +((($B7*F$6*(1-$B7))+(1-$B7)*(1-F$6)*(1-$B7))*(-540)) +(((1-$B7)*F$6)*(-1040)) -> -127 | G7: =($B7*(1-G$6)*1000) +((($B7*G$6*$B7)+(1-$B7)*(1-G$6)*$B7)*480) +((($B7*G$6*(1-$B7))+(1-$B7)*(1-G$6)*(1-$B7))*(-540)) +(((1-$B7)*G$6)*(-1040)) -> -178
B8: 0.55 | C8: =($B8*(1-C$6)*1000) +((($B8*C$6*$B8)+(1-$B8)*(1-C$6)*$B8)*480) +((($B8*C$6*(1-$B8))+(1-$B8)*(1-C$6)*(1-$B8))*(-540)) +(((1-$B8)*C$6)*(-1040)) -> 102.295 | D8: =($B8*(1-D$6)*1000) +((($B8*D$6*$B8)+(1-$B8)*(1-D$6)*$B8)*480) +((($B8*D$6*(1-$B8))+(1-$B8)*(1-D$6)*(1-$B8))*(-540)) +(((1-$B8)*D$6)*(-1040)) -> 51.5 | E8: =($B8*(1-E$6)*1000) +((($B8*E$6*$B8)+(1-$B8)*(1-E$6)*$B8)*480) +((($B8*E$6*(1-$B8))+(1-$B8)*(1-E$6)*(1-$B8))*(-540)) +(((1-$B8)*E$6)*(-1040)) -> 0.705 | F8: =($B8*(1-F$6)*1000) +((($B8*F$6*$B8)+(1-$B8)*(1-F$6)*$B8)*480) +((($B8*F$6*(1-$B8))+(1-$B8)*(1-F$6)*(1-$B8))*(-540)) +(((1-$B8)*F$6)*(-1040)) -> -50.09 | G8: =($B8*(1-G$6)*1000) +((($B8*G$6*$B8)+(1-$B8)*(1-G$6)*$B8)*480) +((($B8*G$6*(1-$B8))+(1-$B8)*(1-G$6)*(1-$B8))*(-540)) +(((1-$B8)*G$6)*(-1040)) -> -100.885
B9: 0.6 | C9: =($B9*(1-C$6)*1000) +((($B9*C$6*$B9)+(1-$B9)*(1-C$6)*$B9)*480) +((($B9*C$6*(1-$B9))+(1-$B9)*(1-C$6)*(1-$B9))*(-540)) +(((1-$B9)*C$6)*(-1040)) -> 178.08 | D9: =($B9*(1-D$6)*1000) +((($B9*D$6*$B9)+(1-$B9)*(1-D$6)*$B9)*480) +((($B9*D$6*(1-$B9))+(1-$B9)*(1-D$6)*(1-$B9))*(-540)) +(((1-$B9)*D$6)*(-1040)) -> 128 | E9: =($B9*(1-E$6)*1000) +((($B9*E$6*$B9)+(1-$B9)*(1-E$6)*$B9)*480) +((($B9*E$6*(1-$B9))+(1-$B9)*(1-E$6)*(1-$B9))*(-540)) +(((1-$B9)*E$6)*(-1040)) -> 77.92 | F9: =($B9*(1-F$6)*1000) +((($B9*F$6*$B9)+(1-$B9)*(1-F$6)*$B9)*480) +((($B9*F$6*(1-$B9))+(1-$B9)*(1-F$6)*(1-$B9))*(-540)) +(((1-$B9)*F$6)*(-1040)) -> 27.84 | G9: =($B9*(1-G$6)*1000) +((($B9*G$6*$B9)+(1-$B9)*(1-G$6)*$B9)*480) +((($B9*G$6*(1-$B9))+(1-$B9)*(1-G$6)*(1-$B9))*(-540)) +(((1-$B9)*G$6)*(-1040)) -> -22.24
B10: 0.65 | C10: =($B10*(1-C$6)*1000) +((($B10*C$6*$B10)+(1-$B10)*(1-C$6)*$B10)*480) +((($B10*C$6*(1-$B10))+(1-$B10)*(1-C$6)*(1-$B10))*(-540)) +(((1-$B10)*C$6)*(-1040)) -> 253.355 | D10: =($B10*(1-D$6)*1000) +((($B10*D$6*$B10)+(1-$B10)*(1-D$6)*$B10)*480) +((($B10*D$6*(1-$B10))+(1-$B10)*(1-D$6)*(1-$B10))*(-540)) +(((1-$B10)*D$6)*(-1040)) -> 204.5 | E10: =($B10*(1-E$6)*1000) +((($B10*E$6*$B10)+(1-$B10)*(1-E$6)*$B10)*480) +((($B10*E$6*(1-$B10))+(1-$B10)*(1-E$6)*(1-$B10))*(-540)) +(((1-$B10)*E$6)*(-1040)) -> 155.645 | F10: =($B10*(1-F$6)*1000) +((($B10*F$6*$B10)+(1-$B10)*(1-F$6)*$B10)*480) +((($B10*F$6*(1-$B10))+(1-$B10)*(1-F$6)*(1-$B10))*(-540)) +(((1-$B10)*F$6)*(-1040)) -> 106.79 | G10: =($B10*(1-G$6)*1000) +((($B10*G$6*$B10)+(1-$B10)*(1-G$6)*$B10)*480) +((($B10*G$6*(1-$B10))+(1-$B10)*(1-G$6)*(1-$B10))*(-540)) +(((1-$B10)*G$6)*(-1040)) -> 57.935
B11: 0.7 | C11: =($B11*(1-C$6)*1000) +((($B11*C$6*$B11)+(1-$B11)*(1-C$6)*$B11)*480) +((($B11*C$6*(1-$B11))+(1-$B11)*(1-C$6)*(1-$B11))*(-540)) +(((1-$B11)*C$6)*(-1040)) -> 328.12 | D11: =($B11*(1-D$6)*1000) +((($B11*D$6*$B11)+(1-$B11)*(1-D$6)*$B11)*480) +((($B11*D$6*(1-$B11))+(1-$B11)*(1-D$6)*(1-$B11))*(-540)) +(((1-$B11)*D$6)*(-1040)) -> 281 | E11: =($B11*(1-E$6)*1000) +((($B11*E$6*$B11)+(1-$B11)*(1-E$6)*$B11)*480) +((($B11*E$6*(1-$B11))+(1-$B11)*(1-E$6)*(1-$B11))*(-540)) +(((1-$B11)*E$6)*(-1040)) -> 233.88 | F11: =($B11*(1-F$6)*1000) +((($B11*F$6*$B11)+(1-$B11)*(1-F$6)*$B11)*480) +((($B11*F$6*(1-$B11))+(1-$B11)*(1-F$6)*(1-$B11))*(-540)) +(((1-$B11)*F$6)*(-1040)) -> 186.76 | G11: =($B11*(1-G$6)*1000) +((($B11*G$6*$B11)+(1-$B11)*(1-G$6)*$B11)*480) +((($B11*G$6*(1-$B11))+(1-$B11)*(1-G$6)*(1-$B11))*(-540)) +(((1-$B11)*G$6)*(-1040)) -> 139.64

Sheet Alternate schedule
A1: Red sox home win probability | B1: 0.6
A2: Yankees home win probability | B2: 0.57
B4: PPROBABILITY | C4: NET WINNINGS | D4: CUMMULATIVE PROBABILITY
A5: WIN WIN | B5: =(1-$B$2)*$B$1 -> 0.258 | C5: 1000 | D5: =B5 -> 0.258
A6: WIN LOSS WIN | B6: =(1-$B$2)*(1-$B$1)*(1-$B$2) -> 0.07396 | C6: 480 | D6: =D5+B6 -> 0.33196
A7: LOSS WIN WIN | B7: =$B$2*$B$1*(1-$B$2) -> 0.14706 | C7: 480 | D7: =D6 + B7 -> 0.47902
A8: LOSS LOSS | B8: =$B$2*(1-$B$1) -> 0.228 | C8: -1040 | D8: =D7 + B8 -> 0.70702
A9: LOSS WIN LOSS | B9: =$B$2*$B$1*$B$2 -> 0.19494 | C9: -540 | D9: =D8 + B9 -> 0.90196
A10: WIN LOSS LOSS | B10: =(1-$B$2)*(1-$B$1)*$B$2 -> 0.09804 | C10: -540 | D10: =D9 + B10 -> 1
B11: =SUM(B5:B10) -> 1
A13: WXPECTED VALUE | B13: =SUMPRODUCT(B5:B10,C5:C10) -> -31.2396
